!,3,34
!,4,42
!,4,43
!,5,42
!,5,43
$,21,41
$,21,42
$,27,52
$,27,53
%,45,45
',3,11
',4,14
',5,14
",",3,8
",",3,9
",",3,10
",",4,12
",",4,13
",",5,12
",",5,13
-,11,2
-,14,3
-,15,3
.,3,3
.,4,4
.,4,5
.,5,4
.,5,5
0,21,35
0,27,42
0,27,43
0,29,52
0,33,55
1,10,50
1,11,34
1,14,42
1,14,43
1,15,42
1,15,43
1,25,53
2,21,34
2,26,51
2,27,42
2,27,43
2,28,42
2,28,43
3,20,35
3,21,35
3,27,42
3,27,43
3,27,51
3,27,52
3,30,55
4,22,34
4,29,42
4,29,43
4,29,50
5,20,35
5,21,34
5,27,41
5,27,42
5,27,50
5,27,51
5,28,41
5,28,42
6,21,35
6,27,43
6,27,51
6,27,52
6,28,42
6,28,43
7,20,34
7,21,34
7,26,41
7,27,41
7,27,42
7,27,50
7,34,54
8,21,35
8,27,42
8,27,43
8,27,52
8,28,43
9,27,42
9,27,43
9,27,52
9,28,42
9,28,43
:,3,24
:,4,30
:,4,31
:,5,30
:,5,31
;,4,39
;,5,39
<,22,20
>,21,21
?,20,35
?,26,43
?,26,44
?,27,43
?,27,44
A,29,34
A,30,34
A,30,50
A,38,42
A,39,42
A,39,43
A,46,50
A,47,50
B,24,34
B,25,34
B,28,48
B,29,50
B,31,42
B,31,43
B,32,42
B,32,43
B,35,50
B,36,50
C,28,35
C,28,36
C,28,49
C,31,52
C,37,43
C,37,44
C,38,52
D,26,34
D,27,34
D,29,50
D,35,42
D,35,43
D,41,50
E,24,34
E,31,42
E,31,43
E,32,42
E,32,43
F,21,34
F,28,42
F,28,43
G,30,35
G,30,36
G,39,43
G,39,44
H,25,34
H,27,50
H,28,48
H,32,42
H,32,43
H,33,42
H,33,43
I,2,34
I,3,34
I,3,43
I,3,50
I,4,42
I,4,43
J,17,35
J,22,42
J,22,43
J,23,42
J,23,43
J,27,51
K,26,34
K,28,48
K,29,50
K,33,42
K,34,42
K,34,43
K,35,43
K,38,50
L,20,34
L,25,42
L,25,43
L,26,42
L,26,43
L,27,50
M,29,48
M,30,34
M,30,48
M,31,34
M,31,50
M,40,42
M,40,43
M,41,42
M,41,43
M,52,50
N,25,34
N,28,48
N,33,42
N,33,43
O,30,35
O,30,36
O,31,35
O,31,36
O,31,52
O,40,43
O,40,44
O,41,43
O,41,44
O,43,52
P,24,34
P,25,34
P,28,48
P,32,42
P,32,43
Q,31,37
Q,31,54
Q,41,46
Q,41,47
R,27,34
R,28,34
R,36,42
R,36,43
R,37,43
S,25,35
S,25,36
S,26,35
S,26,36
S,31,52
S,33,43
S,33,44
S,34,43
S,34,44
T,25,34
T,26,34
T,28,48
T,31,50
T,33,42
T,33,43
T,34,42
T,34,43
T,39,50
U,25,34
U,25,35
U,33,42
U,33,43
U,39,51
V,28,34
V,29,48
V,38,42
V,38,43
W,42,34
W,54,42
W,54,43
W,55,42
W,55,43
Y,28,34
Y,29,48
Y,37,42
Y,37,43
Y,38,43
Z,33,42
Z,33,43
Z,34,43
a,20,25
a,20,26
a,26,35
a,27,30
a,27,31
a,28,31
a,28,33
a,29,35
b,19,34
b,19,35
b,20,34
b,20,35
b,25,42
b,25,43
b,26,42
b,26,43
b,29,48
b,29,49
b,32,51
b,33,51
c,19,25
c,19,26
c,20,25
c,20,26
c,26,30
c,26,31
c,26,35
c,29,35
d,20,34
d,20,35
d,26,42
d,26,43
d,29,48
d,29,51
e,21,25
e,21,26
e,26,33
e,27,30
e,27,31
e,27,33
e,27,35
e,28,30
e,28,31
e,29,35
e,30,35
f,12,35
f,13,35
f,16,43
f,16,44
f,17,43
f,17,44
f,19,50
g,20,34
g,21,34
g,26,43
g,27,43
g,27,44
g,27,45
g,30,44
g,30,45
g,31,44
g,31,45
h,18,34
h,24,42
h,24,43
h,25,42
h,25,43
h,27,50
h,29,48
h,30,48
h,30,50
i,2,34
i,3,34
i,3,42
i,3,43
i,3,50
i,4,42
i,4,43
i,4,50
i,15,49
i,16,49
j,7,43
j,8,43
j,10,55
j,11,55
k,18,34
k,23,42
k,24,42
k,24,43
k,25,43
k,27,50
l,2,34
l,3,34
l,3,42
l,3,43
l,3,50
l,4,42
l,4,43
l,15,48
m,31,33
m,31,34
m,32,25
m,33,25
m,41,30
m,41,31
m,42,30
m,42,31
m,49,34
n,18,25
n,24,30
n,24,31
n,25,30
n,25,31
n,27,31
n,27,34
n,30,34
o,20,26
o,22,25
o,22,26
o,28,30
o,28,31
o,29,33
o,29,35
o,34,35
p,19,34
p,20,34
p,26,42
p,26,43
p,28,41
p,28,42
p,29,41
p,29,42
q,19,34
q,20,34
q,26,42
q,26,43
r,11,25
r,15,30
r,15,31
r,16,30
r,16,31
r,16,33
r,17,33
r,27,33
r,28,31
s,18,25
s,18,26
s,19,25
s,19,26
s,24,30
s,24,31
s,25,30
s,25,31
s,25,33
s,25,35
s,28,34
t,9,33
t,9,34
t,10,33
t,10,34
t,13,40
t,13,41
t,14,40
t,14,41
t,14,42
t,17,43
t,19,43
t,20,43
t,24,43
u,18,24
u,18,25
u,24,30
u,24,31
u,25,30
u,25,31
u,27,34
u,30,34
v,20,24
v,27,30
v,27,31
v,27,33
v,32,33
w,30,32
w,31,24
w,31,33
w,32,24
w,41,30
w,41,31
w,42,30
w,42,31
x,19,24
x,20,24
x,26,30
x,27,31
x,28,31
y,20,33
y,25,43
y,25,44
y,26,43
y,26,44
y,27,43
y,28,40
y,28,41
y,28,43
y,28,44
y,29,43
y,29,44
z,20,24
z,21,24
z,26,30
z,26,31
z,27,30
z,27,31
½,45,45
é,28,43
⋯,59,64
⋯,59,65
、,13,12
、,14,12
、,15,16
。,7,6
。,13,14
。,17,17
《,30,65
《,30,66
》,30,65
》,30,66
「,19,31
「,20,31
「,20,33
」,20,30
」,20,31
」,20,32
『,19,31
『,20,33
』,20,30
』,20,31
』,20,32
〝,24,19
〞,24,19
・,7,7
・,8,8
・,9,10
㷛,64,63
一,58,5
一,59,6
一,60,6
丁,62,60
丁,62,61
丁,63,61
七,59,57
七,60,57
七,63,62
万,61,57
万,61,58
三,59,48
三,61,54
上,57,55
上,63,62
下,58,57
下,58,58
下,59,57
下,59,58
下,63,59
下,63,60
不,57,56
不,57,57
不,62,58
不,62,59
不,63,59
与,59,63
与,59,64
专,60,64
且,59,55
且,60,55
且,63,61
世,59,58
世,59,59
世,60,58
世,60,59
世,65,61
业,61,60
东,62,65
东,62,66
丝,62,60
丢,63,63
两,62,60
两,62,61
个,61,64
个,61,65
丫,51,62
丫,51,63
中,53,58
中,53,59
中,55,63
中,55,64
丰,59,65
串,52,65
串,52,66
丸,63,63
丹,59,57
丹,59,58
丹,60,58
丹,60,59
丹,64,63
丹,64,64
为,57,62
为,58,62
为,58,63
主,57,57
主,63,62
丽,62,61
举,63,63
举,63,64
乃,59,58
久,59,58
久,59,59
久,61,63
久,61,64
么,59,62
么,59,63
义,60,63
之,58,57
之,59,57
之,62,61
乌,56,64
乌,56,65
乍,57,64
乍,57,65
乎,63,63
乎,63,64
乏,61,60
乐,58,62
乐,58,63
乖,58,59
乖,58,60
乖,59,59
乖,59,60
乖,61,64
乖,61,65
乘,59,58
乘,59,59
乙,56,58
九,63,64
九,63,65
也,60,56
也,63,61
习,53,60
乡,55,64
书,59,64
书,59,65
买,59,59
买,59,60
乳,58,58
乳,58,59
乾,59,59
乾,59,60
乾,60,60
了,53,57
了,54,59
了,55,58
了,55,59
争,63,64
争,63,65
事,60,58
事,60,59
事,63,64
事,63,65
二,58,42
二,59,42
二,61,46
于,60,59
于,60,60
亏,59,61
亏,59,62
云,60,60
五,58,53
五,62,56
亚,63,59
些,58,56
些,61,61
亡,63,61
交,58,58
交,58,59
交,58,64
交,58,65
亦,63,64
亦,63,65
产,62,65
享,62,65
京,61,65
亮,58,59
亮,58,60
亮,59,64
亮,59,65
亲,62,63
亲,62,64
人,59,58
人,59,59
人,60,58
人,60,59
人,62,61
人,62,62
什,64,63
什,64,64
仁,63,63
仁,63,64
今,59,59
今,59,60
今,60,59
今,60,60
今,65,64
介,59,58
介,59,59
介,59,60
介,62,65
介,62,66
仍,59,59
仍,59,60
仍,63,63
仍,63,64
从,64,63
仔,59,58
仔,59,59
仔,60,58
仔,60,59
仔,64,65
他,60,58
他,60,59
他,61,58
他,61,59
他,63,63
仗,59,59
仗,59,60
代,59,59
代,59,60
代,60,59
代,60,60
代,63,65
代,63,66
令,58,59
令,58,60
令,64,65
令,64,66
以,56,64
以,57,63
以,57,64
以,59,56
仪,64,65
仲,60,59
仲,60,60
件,60,58
件,60,59
件,64,63
件,64,64
任,59,58
任,59,59
任,60,60
任,63,63
任,63,64
份,60,58
份,60,59
份,61,58
份,61,59
份,65,64
份,65,65
企,62,62
伍,60,60
伍,60,61
伍,64,64
休,65,63
休,65,64
众,61,63
众,61,64
优,63,64
伙,60,59
伙,62,62
伙,62,63
伙,63,63
伙,63,64
会,61,63
会,61,64
会,62,63
伞,62,65
伟,63,65
传,63,64
传,63,65
伤,63,63
伤,63,64
估,63,64
估,63,65
伴,59,58
伴,59,59
伴,60,59
伴,64,64
伴,64,65
伸,62,63
伸,62,64
似,60,58
似,60,59
似,60,60
但,60,58
但,60,59
但,64,64
但,64,65
佈,60,59
位,60,59
位,60,60
位,63,64
位,63,65
低,59,60
低,60,58
低,60,59
住,60,60
住,60,61
住,64,63
体,63,63
体,63,64
余,62,65
余,62,66
佛,62,65
作,60,59
作,60,60
作,60,61
作,63,64
你,59,58
你,59,59
你,60,58
你,60,59
你,64,65
你,65,63
你,65,64
你,65,65
佬,64,64
使,60,58
使,60,59
使,63,64
來,59,58
來,59,59
來,60,58
來,60,59
侍,64,65
供,65,64
依,60,59
依,60,60
依,61,60
依,61,61
依,64,63
依,64,64
侨,64,64
便,59,60
便,59,61
便,60,60
便,60,61
便,62,63
便,62,64
係,59,59
係,59,60
促,60,59
俄,65,64
俗,63,64
俗,63,65
保,60,59
保,60,60
保,63,65
保,64,64
保,64,65
信,59,59
信,59,60
信,63,64
信,64,63
信,64,64
俭,64,65
俺,65,65
俺,65,66
俾,60,58
俾,60,59
倆,60,58
倆,60,59
個,58,59
個,58,60
倍,62,63
倍,62,64
們,59,58
們,59,59
們,60,59
們,60,60
倖,59,59
倖,59,60
候,59,58
候,59,59
候,60,58
候,60,59
候,64,64
候,64,65
借,59,59
借,64,64
借,64,65
倦,59,58
倦,59,59
债,64,64
值,63,63
假,59,58
假,59,59
偉,60,59
偉,61,59
做,60,59
做,64,63
停,60,59
停,60,60
停,64,64
停,64,65
健,65,63
偶,59,59
偶,59,60
偶,63,64
偷,64,64
偷,64,65
傅,64,65
傅,64,66
傍,63,65
備,60,58
備,60,59
傢,60,59
催,59,58
催,59,59
催,60,58
催,60,59
催,63,64
傭,60,59
傭,60,60
傲,60,58
傲,60,59
傳,59,59
傳,59,60
債,59,61
傷,59,59
傷,59,60
傷,60,58
傷,60,59
傻,59,58
傻,59,59
傻,63,63
傻,63,64
傾,59,59
傾,59,60
像,59,58
像,59,59
像,60,58
像,60,59
像,63,63
像,63,64
優,59,59
優,59,60
元,59,56
元,60,57
元,63,60
兄,61,60
充,61,65
先,58,58
先,58,59
先,59,58
先,59,59
先,61,63
先,61,64
光,59,58
光,59,59
光,60,58
光,60,59
光,60,64
光,60,65
克,59,64
克,59,65
免,59,59
兒,59,59
兒,59,60
兒,60,59
兒,60,60
兔,63,63
兜,59,58
兜,59,59
兜,60,64
兜,60,65
入,58,56
入,59,56
入,63,60
內,52,57
內,52,58
內,53,57
內,53,58
全,59,56
全,63,61
兩,58,57
兩,59,57
八,58,56
八,58,57
八,59,56
八,59,57
公,59,58
公,60,58
公,64,62
六,58,54
六,59,54
六,59,62
兰,59,60
共,59,58
关,61,63
关,61,64
兴,62,61
其,58,58
其,58,59
其,59,58
其,59,59
其,63,64
其,63,65
典,59,59
典,61,65
兹,63,63
养,61,65
兼,59,58
兼,59,59
兼,60,64
内,52,64
冇,61,63
册,64,64
册,64,65
再,59,57
再,63,60
再,63,61
冒,56,61
写,57,60
写,57,61
军,59,62
农,63,65
冬,59,58
冬,64,65
冬,64,66
冰,64,66
冰,66,65
冰,66,66
决,62,64
决,62,65
决,65,64
冷,59,58
冷,64,64
冻,63,64
净,63,63
净,63,64
准,62,63
准,62,64
凉,65,63
凍,60,60
凍,60,61
凍,61,60
凍,61,61
减,62,64
减,62,65
几,60,62
几,60,63
凡,62,62
凤,66,63
凶,57,64
凸,55,61
出,51,64
出,51,65
出,52,58
出,53,58
击,61,65
刀,57,57
刁,55,58
分,60,59
分,60,60
分,63,64
分,63,65
切,59,58
切,60,57
切,60,58
切,62,62
切,62,63
初,59,58
前,59,58
前,59,59
前,63,63
前,63,64
剪,58,59
剪,59,58
剪,61,63
剪,61,64
劈,59,59
劈,59,60
力,54,63
力,54,64
力,56,59
力,57,58
力,57,59
办,61,63
功,60,59
功,60,64
功,60,65
务,62,62
劣,61,64
动,61,63
助,63,64
努,59,58
努,62,65
劫,61,65
劲,60,64
劲,60,65
劳,59,63
劳,59,64
勁,59,57
勇,55,63
勇,55,64
勉,64,63
動,59,58
動,59,59
勝,60,58
勝,60,59
勤,61,64
包,59,59
包,60,58
包,61,64
化,62,63
化,62,64
匙,62,63
匹,59,55
区,58,59
医,57,60
區,58,57
區,59,57
十,59,59
十,59,60
十,60,59
十,60,60
十,62,64
十,62,65
千,59,59
千,61,63
千,61,64
升,60,57
升,60,58
升,63,63
升,63,64
午,59,59
午,59,60
午,60,64
半,58,58
半,58,59
半,59,58
半,59,59
半,60,63
半,60,64
华,60,65
华,60,66
协,64,65
卒,63,63
卒,63,64
单,61,65
单,61,66
卖,61,63
卖,61,64
南,58,60
南,62,64
博,61,64
博,61,65
占,53,64
占,53,65
卡,60,63
卡,60,64
卤,56,65
卫,61,58
卷,62,63
厂,61,61
厂,61,62
厅,63,61
历,62,62
厉,62,62
厕,60,62
厕,60,63
厕,64,61
厚,59,58
厚,59,59
厚,60,59
厚,62,62
厚,62,63
原,58,57
原,58,58
原,59,57
原,59,58
原,60,61
原,60,62
厨,62,63
厨,62,64
去,59,58
去,59,59
去,62,64
去,62,65
参,62,64
参,62,65
參,59,59
參,59,60
又,59,56
又,60,56
又,61,57
又,61,58
叉,59,57
叉,62,60
叉,62,61
及,62,60
友,59,58
友,59,59
友,59,60
友,62,65
友,62,66
双,59,57
双,59,58
反,60,58
反,60,59
反,61,61
反,61,62
发,62,64
发,62,65
叔,63,64
叔,63,65
取,62,62
取,63,62
受,59,60
受,59,61
受,60,62
受,60,63
变,61,64
变,61,65
口,49,48
口,50,48
口,53,55
古,59,60
古,60,65
古,60,66
句,57,59
句,57,60
句,61,65
句,61,66
另,55,59
另,56,59
只,57,58
只,57,59
只,58,58
只,58,59
只,62,60
叫,55,58
叫,55,59
叭,59,58
叮,58,57
叮,58,58
叮,59,57
叮,59,58
可,59,57
可,59,58
可,62,60
可,62,61
台,57,59
台,57,60
台,57,65
史,59,59
史,62,63
史,62,64
右,63,64
号,60,62
号,60,63
司,54,57
司,54,58
司,55,57
司,55,58
司,56,63
叹,63,59
叻,58,64
吃,58,58
吃,60,64
各,59,60
各,60,60
各,63,65
各,63,66
合,59,60
合,59,61
合,60,60
合,60,61
合,61,65
合,61,66
吉,58,63
吉,58,64
吉,60,59
吉,60,60
吉,61,58
吉,61,59
吊,52,62
吊,52,63
同,53,57
同,53,58
同,54,62
同,54,63
名,58,58
名,58,59
名,58,63
后,62,63
后,62,64
吐,62,62
向,53,58
向,53,59
向,54,58
向,54,59
向,54,64
向,54,65
吓,56,58
吓,56,59
吔,56,56
君,59,57
君,59,58
君,60,57
君,60,58
君,63,63
君,63,64
吞,63,61
吞,63,62
否,59,57
否,59,58
否,64,62
听,60,63
听,60,64
启,59,65
吳,60,57
吳,60,58
吵,60,63
吵,60,64
吸,58,57
吸,58,58
吸,59,57
吸,59,58
吹,59,58
吹,59,59
吹,61,65
吻,58,58
呀,58,57
呀,58,58
呀,59,57
呀,59,58
呀,61,63
呀,62,62
呀,62,63
呃,58,58
呃,60,60
呆,60,58
呆,64,62
呆,64,63
告,59,58
告,65,64
告,65,65
呗,62,61
呗,62,62
员,56,63
呢,58,56
呢,59,56
呢,59,61
呢,59,62
呢,60,61
呢,60,62
周,58,62
味,59,59
味,62,64
味,62,65
呼,59,59
命,59,59
命,59,60
命,60,59
命,60,60
命,62,64
命,62,65
咀,59,55
咀,59,56
咀,63,63
咋,58,58
咋,58,59
咋,60,64
咐,63,65
咒,62,62
咕,58,58
咕,58,59
咕,59,58
咕,59,59
咗,57,56
咙,60,64
咦,59,58
咦,60,58
咦,60,63
咬,58,60
咬,58,61
咬,59,60
咬,59,61
咬,61,65
咬,61,66
咯,61,64
咯,61,65
咳,59,58
咳,59,59
咳,61,65
咸,63,65
哀,58,59
哀,58,60
品,57,57
品,57,61
哄,62,63
哇,58,56
哇,63,63
哇,63,64
哈,60,59
哈,60,60
哈,61,58
哈,61,59
哋,56,56
哋,57,57
哎,59,59
哎,59,60
哎,59,64
哎,59,65
哟,61,63
哟,61,64
哥,58,58
哥,58,59
哥,59,58
哥,59,59
哥,63,64
哦,59,58
哦,59,59
哦,59,60
哨,58,59
哭,58,58
哭,59,61
哭,59,62
哲,62,64
唂,56,58
唂,56,59
唂,57,58
唂,57,59
唉,58,65
唉,59,65
唔,59,58
唛,61,64
唤,61,64
售,60,60
唯,59,59
唯,59,60
啄,62,60
啄,62,61
商,58,58
商,58,59
商,63,65
問,55,57
啥,58,59
啥,58,60
啦,60,58
啦,60,59
啦,61,58
啦,61,59
啪,59,58
啪,59,59
啪,60,58
啪,60,59
喂,58,57
喂,58,58
喂,59,57
喂,59,58
善,63,64
善,63,65
喇,59,58
喇,59,59
喉,64,64
喉,64,65
喊,58,59
喊,59,58
喊,63,65
喎,57,57
喎,57,58
喎,58,58
喎,58,59
喔,61,60
喜,59,60
喜,63,63
喜,63,64
喝,59,58
喝,61,62
喧,58,57
喧,59,57
喷,60,64
喷,60,65
喺,64,63
喺,64,64
嗅,61,65
嗓,58,57
嗓,59,57
嗦,60,64
嗨,62,62
嗯,58,57
嗯,63,60
嗷,59,60
嗽,63,64
嘁,62,63
嘁,62,64
嘉,60,65
嘔,58,57
嘗,60,59
嘗,60,60
嘛,59,59
嘛,59,60
嘛,60,59
嘛,60,60
嘛,64,63
嘛,64,64
嘟,58,58
嘟,59,58
嘩,59,58
嘩,59,59
嘴,60,58
嘴,60,59
嘴,63,63
嘴,63,64
嘻,58,58
嘻,58,59
嘻,59,58
嘻,59,59
嘿,58,58
嘿,58,59
嘿,59,58
嘿,59,59
嘿,61,60
嘿,61,61
噢,62,64
器,61,62
器,61,63
噹,58,57
噹,58,58
嚇,60,59
嚇,60,60
嚏,61,63
嚣,63,63
嚷,61,64
囉,59,57
囉,59,58
囉,60,57
囉,60,58
囊,60,64
四,54,52
四,55,52
四,55,59
四,55,60
回,54,55
回,55,55
回,56,60
回,56,61
因,55,57
因,55,63
因,55,64
因,56,57
团,55,63
团,55,64
园,54,61
园,54,62
困,55,58
困,55,64
困,55,65
围,54,63
固,54,63
固,54,64
国,55,62
国,55,63
图,55,62
图,55,63
圆,54,62
圆,54,63
圈,55,62
圈,55,63
國,56,57
園,55,57
園,55,58
圓,55,57
團,56,57
土,60,59
圣,61,58
在,59,58
在,59,59
在,60,58
在,60,59
在,63,63
在,63,64
地,59,58
地,63,64
场,64,63
场,64,64
圾,59,59
圾,62,62
均,62,65
坊,62,65
坊,62,66
坏,63,63
坐,62,60
坑,59,59
块,62,64
块,62,65
坚,60,61
坞,61,63
坞,61,64
坠,63,60
坨,59,59
垂,61,62
垃,59,57
垃,60,57
垃,63,62
型,60,63
城,64,64
城,65,64
埗,64,64
埠,62,63
埠,62,64
培,59,59
培,63,65
基,63,62
堂,59,63
堆,59,58
堆,59,59
堆,63,64
堪,60,57
報,59,58
報,59,59
場,59,58
場,59,59
塊,58,60
塊,58,61
塊,59,60
塊,59,61
塌,60,58
塌,60,59
塑,61,60
塞,63,63
塵,60,59
境,60,59
境,62,64
墊,59,58
墊,59,59
墜,58,58
墜,59,57
墨,61,62
墩,59,58
墩,59,59
墩,60,58
墩,60,59
墳,60,60
墳,60,61
壓,60,57
壞,59,60
士,59,54
士,62,62
声,60,64
声,60,65
壳,58,64
壶,56,63
处,63,63
备,61,64
备,61,65
复,60,64
夏,57,58
夏,57,59
夏,61,63
夕,56,58
夕,56,59
多,55,64
多,55,65
多,56,58
多,56,59
夜,59,60
夜,59,61
夜,60,60
夜,60,61
夜,60,63
夜,60,64
够,63,64
够,63,65
夠,59,58
夠,59,59
夠,60,58
夠,60,59
夢,59,58
夢,59,59
大,58,58
大,59,58
大,60,63
大,60,64
天,57,57
天,58,57
天,61,58
天,61,59
太,59,58
太,61,63
夫,59,58
夫,59,65
失,58,58
失,58,59
失,59,64
失,60,63
失,60,64
头,62,64
头,63,63
头,63,64
夷,60,65
夹,62,64
夹,62,65
夺,62,65
奇,59,59
奇,59,60
奇,60,59
奇,60,60
奇,62,64
奇,62,65
奇,63,64
奇,63,65
奉,63,63
奉,63,64
奋,62,65
奋,62,66
奏,59,58
奏,59,59
奏,62,63
奔,61,65
奖,60,64
套,59,59
套,59,60
套,60,59
套,60,60
套,63,64
奥,61,63
奥,61,64
女,59,58
女,60,58
女,63,63
女,63,64
奶,59,58
奶,62,64
奶,62,65
她,59,58
她,63,63
好,59,58
好,59,59
好,60,58
好,60,59
好,62,63
好,63,62
好,63,63
妈,61,64
妈,61,65
妙,58,58
妙,58,59
妙,63,64
妙,63,65
妙,64,63
妙,64,64
妹,65,64
姆,59,58
姆,63,64
姆,63,65
姊,59,63
始,59,58
始,59,59
始,63,63
始,63,64
姐,59,58
姐,59,59
姐,60,59
姐,63,63
姐,63,64
姑,60,65
姑,60,66
委,63,64
姨,60,59
姨,61,59
姨,62,64
姨,62,65
威,63,64
娘,59,59
娘,60,58
娘,60,59
婆,59,59
婆,63,64
婚,58,58
婚,58,59
婶,63,65
婶,63,66
媒,63,65
媽,59,58
媽,59,59
媽,60,58
媽,60,59
嫁,59,59
嫂,63,64
嫂,63,65
嫌,62,63
嫌,62,64
嫲,65,63
子,59,58
子,59,59
子,62,59
子,62,60
孕,60,62
字,58,58
字,58,59
字,59,59
字,60,63
存,59,59
存,59,60
存,62,65
孝,59,66
孝,60,65
孝,60,66
孤,62,62
学,60,64
学,60,65
孩,59,58
孩,61,63
孩,61,64
學,59,59
學,59,60
學,60,59
學,60,60
宁,59,64
宁,59,65
它,59,58
它,59,62
宅,59,57
宇,61,63
宇,61,64
守,61,63
守,61,64
安,59,58
安,59,64
安,59,65
安,60,58
完,58,58
完,58,59
完,59,63
完,59,64
宏,58,65
宗,60,65
官,58,60
官,59,63
官,59,64
宙,60,63
宙,60,64
定,59,59
定,59,60
定,60,59
定,60,60
定,61,63
宜,60,63
宝,61,63
实,61,63
实,61,64
客,59,58
客,62,64
客,62,65
宣,60,62
室,59,62
宫,58,64
宫,58,65
宰,61,64
害,57,64
害,57,65
害,60,59
宴,59,58
宴,60,58
宴,62,65
宴,62,66
宵,58,65
宵,58,66
家,59,59
家,59,60
家,61,63
家,61,64
容,59,58
容,59,59
容,63,64
容,63,65
宾,62,65
寂,58,59
寂,58,60
寄,60,58
寄,60,59
寒,60,58
寒,60,59
寒,60,64
寒,60,65
寞,58,59
寞,58,60
實,59,59
實,59,60
實,60,59
實,60,60
寧,60,58
寧,60,59
寫,58,59
寫,58,60
寸,59,63
寸,59,64
对,62,64
对,62,65
寻,63,63
导,61,63
寿,63,64
寿,63,65
將,59,58
將,59,59
將,60,59
專,59,58
專,59,59
尋,59,58
對,60,58
對,60,59
導,58,59
少,59,58
少,59,59
少,62,64
少,63,63
少,63,64
尔,61,65
尔,61,66
尖,62,63
尖,62,64
尘,63,62
尝,59,66
尤,60,58
尤,60,59
就,60,58
就,60,59
就,63,63
就,63,64
尸,54,59
尺,60,61
尼,58,58
尼,59,57
尽,62,62
尽,62,63
尾,59,58
尾,62,62
尿,60,58
尿,60,59
尿,62,60
尿,62,61
局,60,63
屁,60,58
屁,60,59
屁,63,61
屁,63,62
层,61,62
居,59,57
居,59,58
居,60,58
居,60,59
居,63,63
居,63,64
屆,59,57
屆,59,58
屆,59,59
屈,61,62
屈,61,63
届,59,63
屋,62,61
屎,60,59
屎,60,60
屎,62,61
屎,62,62
展,61,62
属,61,62
属,61,63
履,62,62
屬,58,59
屬,58,60
山,54,63
山,54,64
山,55,58
岁,54,64
岐,61,63
岐,61,64
岛,53,65
岸,58,64
岸,58,65
峡,61,65
島,56,59
峻,62,63
峻,62,64
巡,58,58
工,59,48
工,62,51
左,59,56
左,60,56
左,64,63
巧,64,60
巧,64,61
巨,53,61
差,59,58
差,59,59
差,61,64
差,62,64
己,56,56
己,57,59
已,56,55
已,57,59
巴,54,57
巴,56,54
市,58,58
市,58,59
市,63,64
市,63,65
布,59,58
布,59,59
布,63,65
布,63,66
帆,63,65
希,60,59
希,60,60
希,63,65
希,63,66
帝,59,65
帝,59,66
带,59,64
带,59,65
師,57,58
師,57,59
師,58,58
師,58,59
席,58,59
席,58,60
席,62,64
帮,59,65
帮,59,66
帶,60,59
帶,60,60
常,58,59
常,58,60
常,58,61
常,59,63
常,59,64
幕,59,59
幫,58,59
幫,58,60
幫,59,59
幫,59,60
干,62,61
干,62,62
平,59,58
平,63,62
平,63,63
年,59,58
年,63,64
年,63,65
并,62,64
幸,58,59
幸,59,59
幸,60,64
幸,60,65
幹,59,59
幹,59,60
幹,60,59
幹,60,60
幻,61,64
幼,59,58
幼,59,59
幼,59,64
幼,59,65
幼,60,58
幼,60,59
幽,57,64
幾,59,59
幾,59,60
广,61,64
庄,61,63
庆,63,65
床,60,59
床,60,60
床,62,64
序,59,58
应,63,63
应,63,64
底,59,59
底,62,64
底,62,65
店,60,59
店,60,60
店,62,65
店,62,66
庙,62,63
庚,65,64
庚,65,65
度,60,60
度,62,63
度,62,64
座,63,64
庭,60,59
庭,64,62
廁,59,59
廁,59,60
廁,60,59
廁,60,60
廟,60,60
廢,60,60
廣,59,58
廣,59,59
延,61,61
建,60,58
建,60,59
建,61,64
开,62,61
开,62,62
开,63,61
开,63,62
异,62,63
弃,63,63
弃,63,64
弄,59,58
弄,59,59
弄,61,62
弄,61,63
式,58,59
式,58,60
式,62,64
式,62,65
弟,58,65
弟,58,66
弟,59,59
弟,59,65
弟,59,66
张,61,63
弱,58,58
張,58,58
張,58,59
張,59,58
張,59,59
彈,59,57
彈,59,58
当,51,62
形,62,61
形,62,62
彩,59,59
彩,59,60
彩,63,63
彩,63,64
影,60,59
影,62,63
彷,59,59
彷,59,60
彻,64,63
彻,64,64
彿,60,59
往,58,58
往,58,59
往,59,58
往,59,59
往,63,64
往,63,65
征,64,64
待,60,58
待,60,59
待,63,65
很,59,59
很,59,60
很,60,59
很,60,60
律,64,63
律,64,64
後,59,58
後,59,59
後,60,58
後,60,59
徒,63,64
得,60,58
得,60,59
得,62,63
得,62,64
從,59,60
從,59,61
從,60,60
從,60,61
微,59,58
微,60,58
微,64,63
微,64,64
德,59,60
德,59,61
德,63,63
德,63,64
必,59,57
必,59,58
必,63,62
忍,62,60
志,60,63
忘,59,58
忘,63,63
忠,60,63
念,59,58
念,62,62
忽,58,58
忽,62,63
忽,62,64
怎,58,58
怎,59,58
怎,59,63
怎,59,64
思,56,57
思,56,58
思,57,57
思,57,58
思,62,62
急,58,59
急,58,60
急,59,59
急,59,60
急,61,64
急,62,64
总,62,64
恐,65,62
恩,59,58
恩,65,63
恭,59,59
息,60,64
息,60,65
恶,61,62
悉,62,62
您,59,58
您,63,63
悲,59,59
悲,60,59
悶,55,57
悶,55,58
惡,58,58
想,58,58
想,59,58
想,61,63
愁,59,58
愈,62,64
意,58,58
意,59,58
意,62,64
意,62,65
愚,57,62
愛,59,59
愛,59,60
感,58,59
感,63,63
愿,62,62
愿,63,62
慈,57,58
慈,57,59
慧,60,64
慰,63,62
慶,59,59
慶,59,60
應,59,59
應,60,59
戀,59,58
戀,59,59
戏,61,65
成,59,59
成,60,59
成,60,60
成,62,64
成,62,65
我,59,58
我,60,58
我,62,63
我,62,64
或,59,58
或,59,59
或,61,64
战,62,64
战,62,65
戚,64,65
戲,60,60
戴,62,64
戴,62,65
戶,55,59
戶,55,60
房,59,59
房,59,60
房,62,65
所,60,58
所,60,59
所,64,62
所,64,63
扁,59,64
扁,59,65
手,59,58
手,59,59
手,63,62
手,63,63
才,59,58
才,59,59
才,60,59
才,60,64
才,60,65
打,59,58
打,59,59
扔,60,64
扔,61,59
扔,61,60
扔,61,64
托,64,63
扛,62,64
执,65,64
扫,59,64
扫,59,65
扬,62,63
扬,62,64
扭,60,60
扭,63,64
扭,63,65
扮,63,63
扮,63,64
扶,62,64
找,59,59
找,59,60
找,61,65
找,62,64
找,62,65
承,60,59
技,60,58
技,60,59
技,61,65
技,62,65
抉,60,58
抉,60,59
把,59,58
把,59,59
把,60,58
把,60,59
抓,60,59
抓,60,60
抓,64,63
投,59,59
投,60,58
投,60,59
抖,64,63
抖,64,64
折,62,64
折,63,64
抛,63,63
抛,63,64
抢,62,63
抱,59,59
抱,59,60
抱,59,61
抱,64,63
抱,64,64
抹,65,64
抹,65,65
拆,62,64
拆,62,65
拉,59,58
拉,59,59
拉,61,64
拉,61,65
拋,59,58
拋,59,59
拌,62,64
拌,62,65
拍,59,58
拍,59,59
拐,57,58
拐,61,65
拔,61,63
拔,61,64
拚,59,59
拚,60,60
招,59,58
招,59,59
招,60,59
拜,59,58
拜,59,59
拜,61,64
拜,61,65
拨,62,65
拨,62,66
括,63,63
括,63,64
拯,63,63
拱,63,65
拳,63,64
拳,63,65
拼,63,63
拼,63,64
拽,59,58
拽,59,59
拾,62,65
拿,59,59
拿,59,60
拿,60,59
拿,60,60
拿,61,64
拿,61,65
持,60,59
挂,63,63
挂,63,64
按,59,58
按,59,59
按,60,58
按,60,59
按,62,65
按,63,64
按,63,65
挚,62,63
挚,62,64
挞,63,62
挤,62,63
挤,62,64
振,64,63
挺,60,59
挺,60,60
挽,62,64
捂,59,59
捂,59,60
捂,60,59
捂,60,60
捐,59,59
捐,59,60
换,62,63
据,62,63
据,62,64
授,63,63
授,63,64
掉,59,59
掉,59,60
掉,60,59
掉,60,60
掉,62,66
掉,63,65
掉,63,66
掌,58,60
掌,58,61
掌,59,64
掌,59,65
掘,59,59
掘,60,64
掘,60,65
掛,59,58
掛,59,59
掛,60,58
掛,60,59
接,59,59
接,59,60
接,62,63
接,62,64
控,63,63
推,63,64
推,64,63
推,64,64
提,60,58
提,60,59
提,61,58
提,61,59
提,64,63
提,64,64
插,59,58
插,59,59
握,62,63
握,62,64
揪,65,64
揭,61,64
揭,62,64
揮,59,58
揮,59,59
揸,65,63
搏,62,65
搏,62,66
搓,62,64
搔,63,64
搖,60,58
搖,60,59
搖,61,58
搖,61,59
搗,60,59
搞,59,59
搞,59,60
搬,59,59
搬,59,60
搬,60,59
搬,60,60
搭,63,65
搭,63,66
搽,64,65
摁,63,62
摁,63,63
摆,62,64
摔,61,59
摔,61,60
摔,64,63
摔,64,64
摩,59,59
摩,60,59
撐,59,59
撐,59,60
撐,60,60
撑,62,64
撑,62,65
撒,64,63
撒,64,64
撕,64,64
撥,59,58
撩,64,65
播,62,65
撲,58,59
撻,60,59
撻,60,60
擇,59,58
擇,59,59
擋,60,58
擋,60,59
操,60,65
擔,60,59
擔,60,60
擦,59,58
擦,59,59
擦,64,64
擴,59,59
擴,59,60
擺,58,58
擺,59,58
攀,62,64
攜,59,58
攜,59,59
攝,59,58
攝,59,59
攝,60,58
攝,60,59
支,59,59
支,61,64
收,59,58
收,59,59
收,60,58
收,60,59
改,59,58
改,59,59
改,60,58
改,60,59
改,62,62
放,59,58
放,59,59
放,60,58
放,60,59
放,64,63
故,59,58
故,59,59
故,61,63
故,61,64
效,62,64
效,62,65
敌,64,64
救,59,59
救,60,58
救,60,59
救,65,63
救,65,64
教,59,58
教,59,59
教,64,63
教,64,64
敢,59,58
敢,59,59
敢,63,64
敢,63,65
散,59,58
散,59,59
散,60,58
散,60,59
散,63,63
散,63,64
敦,59,58
敦,59,59
敦,60,58
敦,60,59
敬,59,59
数,61,64
数,61,65
整,59,56
整,59,57
整,61,63
整,61,64
數,59,59
數,59,60
數,60,59
數,60,60
文,59,58
文,60,58
文,60,63
文,60,64
斑,59,57
斑,59,58
斑,64,62
斕,59,58
斕,59,59
斗,62,65
斗,62,66
料,64,63
料,64,64
斜,60,59
斤,58,59
斤,58,60
斤,60,62
斤,60,63
斩,63,65
断,59,64
斯,59,58
斯,64,63
斯,64,64
新,60,58
新,60,59
新,62,63
新,62,64
方,58,59
方,58,60
方,61,64
方,61,65
於,60,58
於,60,59
施,60,58
施,60,59
施,63,63
旁,62,65
旅,58,58
旅,58,59
旅,64,62
旋,60,58
旋,63,64
旋,63,65
族,63,64
无,62,59
既,59,58
既,59,59
日,41,55
日,42,55
日,43,59
日,43,60
旦,59,54
早,59,57
早,59,58
早,63,62
早,63,63
旺,61,58
昌,51,64
明,56,56
明,56,57
明,56,63
明,56,64
昏,59,58
昏,59,59
易,56,57
易,56,58
易,57,63
易,57,64
星,59,56
星,60,55
星,60,61
春,60,59
春,60,60
春,61,59
春,61,60
春,62,64
春,62,65
昨,59,59
昭,58,57
昭,58,58
昭,59,57
昭,59,58
是,58,57
是,58,58
是,59,57
是,59,58
是,61,62
是,61,63
显,62,60
時,58,58
時,59,58
時,59,59
晃,61,61
晃,61,62
晏,63,63
晓,60,63
晓,60,64
晕,59,62
晕,59,63
晚,59,58
晚,61,63
晚,61,64
晦,59,59
晦,59,60
晨,59,58
晨,59,59
晨,61,63
普,59,58
普,59,59
普,62,65
普,62,66
智,58,64
智,58,65
晾,62,63
晾,62,64
暑,59,58
暑,59,59
暑,64,63
暑,64,64
暖,61,62
暖,61,63
暗,58,59
暗,58,60
暢,59,59
暴,60,59
曙,59,58
曙,59,59
曬,58,58
曬,58,59
曲,53,58
曲,54,65
更,59,58
更,59,59
更,60,61
更,60,62
曾,52,59
曾,52,60
曾,52,64
曾,53,59
曾,53,60
替,62,63
替,62,64
最,59,58
最,59,59
最,60,63
最,60,64
會,60,58
會,60,59
會,60,60
月,47,58
月,47,59
月,51,63
月,51,64
有,59,59
有,59,60
有,62,64
有,62,65
有,63,64
有,63,65
朋,59,57
朋,59,58
朋,60,63
朗,57,63
朗,57,64
望,58,57
望,58,58
望,62,64
朝,59,64
朝,59,65
期,59,58
期,59,59
期,59,63
期,59,64
木,62,65
未,58,59
未,59,58
未,59,59
未,60,63
未,60,64
末,63,64
本,59,59
本,59,60
本,60,59
本,60,60
本,62,64
本,62,65
术,61,63
术,61,64
朵,58,58
朵,58,59
朵,62,63
朵,62,64
机,64,63
机,64,64
杀,61,63
杀,61,64
杂,61,64
杂,61,65
权,64,64
李,59,59
李,63,64
李,63,65
材,60,59
材,65,64
材,65,65
束,59,58
束,59,59
束,62,65
条,61,65
条,62,64
条,62,65
来,63,64
来,63,65
杭,65,65
杯,59,59
杯,64,63
杯,64,64
東,58,59
東,58,60
松,62,63
松,62,64
板,60,59
板,60,60
板,63,64
极,62,65
极,62,66
枕,63,64
林,60,59
林,61,65
林,61,66
果,58,58
果,58,59
果,61,62
果,61,63
枝,63,65
枯,64,64
枯,64,65
架,59,59
架,62,64
染,59,59
染,59,60
柔,60,58
柔,60,59
柔,61,61
柔,61,62
柱,60,59
柳,59,58
柳,59,59
标,64,65
栏,64,64
栏,64,65
树,64,65
栗,59,57
栗,59,58
栗,59,62
校,59,60
校,59,61
校,60,60
校,60,61
校,61,64
校,62,63
校,62,64
样,62,65
样,62,66
根,59,58
根,59,59
格,63,64
格,63,65
栽,59,58
桌,62,65
桑,59,58
桑,59,59
桥,64,65
梁,63,63
梅,60,59
梅,60,60
梅,63,63
梅,63,64
梆,60,58
梆,60,59
條,60,59
條,60,60
梦,62,63
梨,60,63
梭,60,60
械,63,66
梳,65,65
棉,59,58
棉,59,59
棉,59,60
棍,60,58
棍,60,59
棍,64,63
棍,64,64
棒,59,59
棒,60,59
棒,64,65
棗,59,58
棗,59,59
棟,60,59
森,63,65
椅,60,59
椒,65,64
椰,58,56
楚,59,58
楚,61,63
楝,62,64
業,59,58
業,59,59
業,60,58
業,60,59
極,59,58
極,59,59
楼,62,63
楼,62,64
概,64,63
概,64,64
榮,60,59
榮,60,60
樂,59,58
樂,59,59
樓,60,60
樓,60,61
樓,61,60
樓,61,61
模,60,58
模,60,59
模,63,63
模,63,64
樣,60,58
樣,60,59
横,63,65
樹,59,58
樹,59,59
樽,63,64
橙,64,64
橙,64,65
機,59,58
機,59,59
機,60,58
機,60,59
橡,63,64
橡,63,65
檔,61,58
檔,61,59
欠,58,58
欠,58,59
欠,60,64
次,57,58
次,57,59
次,58,58
次,58,59
次,61,63
次,61,64
欢,62,63
欧,63,63
欧,63,64
欲,58,58
欲,58,59
欲,62,63
欲,62,64
欺,64,63
欺,64,64
款,60,58
款,60,59
款,64,64
款,64,65
歇,59,59
歇,59,60
歇,60,59
歇,60,60
歌,59,58
歌,59,59
歌,64,63
歌,64,64
歡,59,59
歡,60,58
歡,60,59
止,58,55
止,59,55
止,63,60
正,60,52
正,60,53
正,62,55
步,60,60
步,62,64
步,62,65
武,63,64
武,63,65
歪,59,56
歪,62,61
歲,59,59
歲,59,60
歷,60,58
歸,60,59
歸,60,60
死,63,60
死,63,61
残,64,63
残,64,64
段,62,64
段,62,65
殼,60,58
殼,60,59
殼,61,59
殿,64,63
毅,64,64
毅,64,65
母,59,58
母,60,58
母,63,62
母,63,63
每,60,60
每,60,61
每,63,63
每,63,64
毒,62,64
毒,62,65
毕,60,65
毛,59,57
毛,60,57
毛,62,60
毫,57,64
毽,64,61
氏,56,62
民,58,60
气,64,64
气,64,65
氣,59,60
氣,59,61
氣,60,60
氣,60,61
水,59,58
水,59,59
水,60,58
水,60,59
水,61,63
水,61,64
永,59,58
永,59,59
永,60,59
永,60,60
永,62,65
汁,60,58
汁,60,59
求,58,59
求,62,64
求,62,65
汉,62,63
汗,62,62
汗,62,63
江,59,57
江,62,62
池,58,58
池,58,59
池,59,58
池,59,59
池,63,62
池,64,62
汤,62,61
汤,62,62
沉,58,58
沉,58,59
沉,63,62
沉,63,63
沒,59,58
沒,59,59
沒,60,58
沒,60,59
沙,59,57
沙,59,58
沙,63,63
沙,63,64
没,63,62
没,63,63
没,64,63
没,64,64
沦,63,63
河,58,57
河,58,58
河,59,57
河,59,58
油,59,58
治,59,58
治,59,59
治,62,65
沾,59,64
沿,58,57
況,60,58
況,60,59
泉,60,63
泉,60,64
法,58,58
法,59,58
法,63,63
泡,60,58
泡,60,59
泡,65,64
泡,65,65
波,60,58
波,60,59
波,61,64
泥,60,62
泯,59,58
泰,61,65
泰,62,64
泰,62,65
泳,60,58
泳,60,59
泳,62,63
洋,58,58
洋,58,59
洗,60,58
洗,62,63
洗,62,64
津,62,64
活,58,58
活,58,59
活,61,62
活,61,63
派,62,63
流,59,59
流,60,59
流,64,63
流,64,64
浅,63,65
浇,60,64
浇,60,65
济,63,64
济,63,65
浓,63,64
浪,59,59
浪,59,60
浮,59,58
浮,59,59
浮,60,58
浮,60,59
浮,63,64
浴,62,63
浴,62,64
海,60,59
海,60,60
海,65,64
浸,62,62
涂,62,63
涂,62,64
涕,61,63
涕,61,64
涮,60,58
涮,60,59
涯,59,58
液,63,65
淀,63,64
淀,63,65
淋,65,64
淙,60,58
淙,60,59
淚,58,58
淚,59,58
淡,58,59
淡,62,63
淡,62,64
淨,60,59
淨,60,60
深,59,58
深,59,59
深,60,58
深,60,59
深,62,62
深,62,63
混,59,57
混,63,61
清,59,58
清,59,59
清,62,64
清,62,65
渍,61,63
渍,61,64
渐,63,64
渣,60,61
渣,60,62
温,63,62
港,59,57
港,60,57
港,63,64
渲,59,60
渴,62,63
游,59,58
游,63,64
游,63,65
渺,59,58
湊,60,58
湊,60,59
湖,58,59
湖,59,57
湖,59,58
湖,61,64
湖,61,65
湧,59,58
湧,59,59
湿,63,61
湿,63,62
源,60,61
源,60,62
準,58,58
準,58,59
準,59,58
準,59,59
溜,59,58
溜,59,59
溜,60,59
溢,63,63
溫,60,58
溫,60,59
溶,62,64
溶,62,65
滋,59,58
滋,59,59
滋,64,64
滑,59,57
滑,59,58
滑,60,57
滑,60,58
滑,61,64
滑,62,63
滑,62,64
滚,62,63
滞,60,64
滾,60,57
滾,60,58
滿,59,58
滿,60,58
漂,63,62
漂,63,63
漆,60,58
漆,60,59
漏,62,61
演,59,59
演,59,60
演,60,59
演,60,60
漠,59,58
漠,59,59
漠,60,58
漠,60,59
漫,59,58
漫,59,59
漫,60,58
漫,60,59
潔,58,59
潔,58,60
潔,59,59
潔,59,60
潤,59,58
潤,59,59
潮,58,58
潮,58,59
潮,60,64
澡,63,63
澡,63,64
澳,59,59
澳,60,58
澳,60,59
激,63,65
濑,64,63
濤,60,59
瀨,59,58
瀨,59,59
灑,59,58
火,58,58
火,58,59
火,59,58
火,59,59
火,60,62
火,61,62
灯,63,64
灰,59,58
灰,59,59
灰,63,64
灰,63,65
灵,61,61
炆,63,63
炉,61,64
炎,61,64
炎,61,65
炒,58,58
炒,59,58
炒,63,63
炒,63,64
炖,63,64
炮,60,57
炳,61,64
点,60,64
点,60,65
点,61,64
点,61,65
為,58,58
為,58,59
為,58,60
炼,63,64
烂,64,63
烂,64,64
烙,62,64
烚,59,58
烟,60,65
烟,60,66
烤,59,58
烤,62,64
烤,62,65
烦,63,64
烦,63,65
烧,64,63
烧,64,64
热,63,64
热,63,65
烹,61,65
焗,62,62
無,60,59
無,60,60
無,60,61
焦,59,64
然,58,58
然,58,59
然,59,58
然,59,59
然,61,64
然,62,63
然,62,64
煎,61,64
煙,60,58
煙,60,59
煞,59,58
煞,59,59
照,57,58
照,57,59
照,59,63
照,60,62
照,60,63
煩,60,59
煮,62,63
煮,62,64
煲,59,59
煲,59,60
煲,62,65
煲,64,63
熟,59,59
熬,63,65
熱,58,58
熱,58,59
熱,59,58
熱,59,59
燃,60,58
燃,60,59
燈,59,57
燉,59,58
燉,59,59
燉,60,58
燉,60,59
燒,59,58
燒,60,58
燕,61,64
燕,61,65
燥,62,64
爆,60,58
爆,60,59
爆,62,65
爛,59,57
爛,60,58
爪,62,62
爬,64,64
爱,60,63
父,60,64
爸,58,57
爸,61,63
爽,61,65
爾,58,57
牆,60,58
片,57,65
片,58,58
片,58,59
片,58,64
片,58,65
版,60,58
版,63,64
牌,59,59
牌,60,59
牌,63,63
牌,63,64
牙,61,61
牙,61,62
牛,59,59
牛,59,60
牛,60,59
牛,60,60
牛,62,64
牛,63,63
牛,63,64
物,60,58
物,60,59
物,61,58
物,61,59
物,62,65
牵,61,64
牵,61,65
特,59,58
特,59,59
特,62,63
特,62,64
犀,58,59
犀,62,63
狗,58,58
狗,61,64
独,64,65
猛,59,58
猜,63,64
猜,63,65
猪,62,62
猪,62,63
献,62,63
猴,62,64
猴,62,65
獎,57,58
獎,57,59
玄,60,64
率,62,65
玉,58,51
玉,62,55
王,59,52
王,61,56
玩,59,57
玩,60,57
玩,63,61
玩,63,62
玫,59,58
玫,59,59
玫,63,63
玫,63,64
环,64,60
现,62,61
现,62,62
珊,65,62
珍,60,59
珍,60,60
珍,65,64
珠,60,58
珠,60,59
珠,64,64
班,59,58
班,59,59
班,60,58
班,60,59
班,62,64
現,60,57
現,60,58
球,60,58
球,60,59
球,63,65
理,60,55
理,63,59
琳,63,64
琴,59,58
琴,59,59
琴,64,63
瑚,61,64
瑰,59,59
瑰,59,60
瑰,63,63
瑰,63,64
環,60,58
瓜,59,58
瓜,59,59
瓜,60,59
瓜,63,64
瓜,63,65
瓣,62,63
瓶,64,64
甘,63,64
甘,63,65
甚,59,59
甚,59,60
甚,60,59
甚,60,60
甚,62,63
甚,64,64
甜,59,56
甜,59,57
甜,60,56
甜,60,57
甜,64,63
甜,64,64
生,59,55
生,62,63
生,63,63
產,58,59
甥,62,65
用,55,56
用,55,57
用,58,62
用,58,63
田,53,56
田,54,56
田,55,57
田,55,58
由,52,59
由,53,59
由,55,64
由,55,65
甲,51,63
甲,52,57
甲,52,58
甲,52,62
甲,52,63
申,56,65
电,58,64
电,58,65
男,54,61
男,54,62
男,57,58
画,55,60
画,55,61
畅,61,65
界,59,59
界,60,58
界,60,59
界,61,62
界,61,63
留,54,64
留,54,65
留,58,58
留,58,59
留,59,58
留,59,59
畢,59,58
畢,60,58
番,60,60
番,62,64
當,59,59
當,59,60
疏,64,63
疑,62,64
疮,62,64
疯,64,64
疱,62,63
疲,62,63
疲,62,64
疴,61,65
疹,64,63
疹,64,64
疼,62,64
疼,62,65
病,60,58
病,60,59
病,62,64
症,61,63
痒,61,64
痒,61,65
痕,60,58
痕,60,59
痘,62,63
痛,60,58
痛,60,59
痛,63,63
痛,63,64
痣,62,63
痱,59,59
痱,59,60
痱,64,65
痹,62,65
瘟,63,64
瘦,62,63
瘦,62,64
瘾,62,64
療,59,59
療,59,60
癣,63,63
癣,63,64
發,59,59
發,59,60
發,60,59
發,60,60
白,47,59
白,48,57
白,48,58
白,50,63
百,58,58
百,59,58
百,60,62
百,60,63
的,57,59
皆,57,64
皇,61,62
皮,59,58
皮,59,59
皮,62,64
皮,62,65
盆,60,58
盆,63,62
盐,62,62
盒,59,58
盒,60,59
盒,62,63
盖,62,64
盗,62,63
盘,61,63
盛,62,64
盞,57,57
盪,59,58
目,42,62
目,44,57
目,44,58
盲,62,64
直,59,56
直,59,57
直,62,63
省,59,58
省,62,64
省,62,65
眉,58,61
看,59,58
看,59,59
看,60,58
看,60,59
看,61,61
看,61,62
真,59,60
真,59,61
真,62,63
真,62,64
眨,58,58
眼,58,57
眾,57,57
着,61,63
着,61,64
睇,58,59
睡,59,57
督,62,64
瞎,58,59
瞧,55,59
瞧,56,58
瞧,56,59
瞧,61,64
瞪,63,62
瞭,59,60
短,59,56
短,59,57
短,63,64
石,62,57
石,62,58
砌,63,65
研,65,61
研,65,62
破,60,59
破,60,60
破,63,63
破,63,64
硬,60,58
硬,62,64
硬,62,65
确,61,64
确,62,64
碌,60,58
碗,59,59
碗,60,59
碗,65,65
碟,60,60
碟,65,65
確,60,59
碼,60,59
磅,63,66
磨,63,65
礙,60,58
示,62,61
社,59,59
社,60,59
社,63,65
祕,60,58
祕,60,59
祖,60,58
祖,61,63
祖,62,63
祝,59,58
祝,62,64
祟,59,64
票,58,58
票,58,59
票,59,59
票,60,62
祭,63,65
禁,61,66
禅,63,63
福,60,58
福,60,59
禮,60,58
禱,60,59
禱,60,60
离,60,63
离,60,64
秀,60,58
秀,60,59
秀,61,63
私,63,64
秃,61,62
秃,61,63
秋,60,58
秋,60,59
科,60,58
科,60,59
科,63,64
科,63,65
秒,65,64
秒,65,65
秘,63,63
租,59,58
租,59,59
租,60,58
租,60,59
租,64,63
积,64,62
称,63,62
称,63,63
移,61,58
移,61,59
秽,63,64
稀,60,58
程,60,58
程,60,59
程,64,66
稚,60,58
稚,64,63
稚,64,64
種,59,58
種,59,59
種,60,58
種,60,59
稱,60,59
稳,64,63
稳,64,64
穴,60,58
穴,60,63
究,63,63
究,63,64
穷,60,64
穷,60,65
空,59,56
空,59,61
穿,58,64
穿,58,65
穿,59,59
穿,59,60
穿,60,59
穿,60,60
突,58,59
突,58,60
突,61,65
窄,59,63
窄,59,64
窗,58,66
窗,60,58
窗,60,59
窝,60,63
窝,60,64
窩,58,59
窩,58,60
窩,59,59
窩,59,60
窮,59,59
窮,59,60
竄,59,59
竄,59,60
竄,60,59
竄,60,60
立,60,55
立,62,61
竖,62,61
站,60,58
站,60,59
站,62,63
站,62,64
竟,61,64
竟,61,65
章,63,63
章,63,64
童,58,57
童,62,63
端,62,65
竹,63,64
笋,62,62
笑,59,59
笑,60,59
笑,61,63
笑,61,64
笔,62,63
符,61,60
符,63,64
笨,63,63
笨,63,64
第,58,59
第,58,60
第,59,59
第,59,60
第,61,64
第,61,65
笼,60,64
筆,60,58
筆,60,59
等,58,59
等,58,60
等,59,59
等,59,60
等,61,66
等,61,67
筋,62,64
筋,62,65
筒,59,58
筒,59,59
答,59,59
答,60,58
答,60,59
答,61,65
策,59,64
签,63,61
简,58,65
简,59,65
算,59,58
算,59,59
算,62,63
算,62,64
管,61,64
管,61,65
箱,63,64
箱,63,65
節,59,58
節,59,59
篇,63,64
築,59,58
築,59,59
簡,59,59
簡,59,60
籌,59,59
籌,59,60
米,60,58
米,60,59
米,61,63
类,61,64
粉,60,59
粉,60,60
粉,65,63
粉,65,64
粒,64,63
粒,64,64
粗,63,63
粗,63,64
粘,63,63
粟,62,61
粥,59,58
粥,59,59
粥,60,62
粽,62,64
精,59,58
精,59,59
精,63,64
精,63,65
糖,60,58
糖,60,59
糖,61,58
糖,61,59
系,59,62
系,59,63
約,59,58
約,59,59
紅,60,60
納,59,58
納,59,59
納,60,58
納,60,59
純,59,58
純,59,59
純,60,58
純,60,59
級,59,58
級,59,59
級,59,60
索,60,58
索,60,59
紧,61,63
紧,61,64
紫,59,59
紫,59,60
紮,59,60
紮,59,61
紮,60,59
紮,60,60
細,59,59
紹,60,58
紹,60,59
紹,60,60
終,60,58
終,60,59
絃,60,58
絃,60,59
組,60,58
組,60,59
組,60,60
結,59,58
結,59,59
結,59,60
絕,60,58
絕,60,59
給,59,58
給,60,59
給,60,60
絮,57,58
絮,57,59
經,58,59
經,58,60
經,59,59
經,59,60
綵,59,58
綵,59,59
綻,60,59
緊,57,59
緊,57,60
線,60,59
線,60,60
編,61,59
編,61,60
練,59,57
練,59,58
練,60,58
練,60,59
總,60,58
總,60,59
繁,63,65
織,59,58
織,59,59
繞,60,58
繞,60,59
红,63,62
约,61,64
级,64,62
级,64,63
纭,62,63
纷,64,63
纹,63,64
纹,63,65
线,63,64
练,63,64
练,64,63
练,64,64
组,65,63
绅,61,65
终,63,63
终,63,64
绍,61,64
绍,61,65
经,63,63
给,62,64
给,62,65
络,65,63
绝,62,63
统,63,65
绩,61,65
绪,62,64
绪,62,65
续,62,65
绽,62,63
绽,62,64
绿,64,64
缓,61,63
缕,64,63
编,61,64
缠,62,64
缤,62,65
缩,63,65
缸,59,57
缸,63,64
缸,63,65
缺,62,63
罐,62,64
网,55,63
罗,57,60
罗,57,61
罢,61,62
罢,61,63
置,60,55
置,61,56
置,62,62
罰,57,58
罰,57,59
罷,61,58
罷,61,59
羅,58,57
羅,58,58
羊,58,60
羊,60,65
羊,60,66
美,58,59
美,59,58
美,59,63
美,59,64
羚,59,58
義,58,59
義,58,60
翁,60,59
翅,59,58
翅,59,59
翅,62,63
習,58,59
翠,59,58
翠,59,59
翩,58,58
翻,59,59
翻,60,59
耀,60,58
耀,60,59
耀,62,65
老,58,57
老,58,58
老,59,57
老,59,58
老,63,63
考,59,59
考,59,60
考,63,64
考,63,65
者,60,58
者,60,59
者,62,65
而,58,57
而,58,58
而,63,62
而,63,63
耍,63,62
耳,58,57
耳,58,58
耳,65,63
耳,65,64
耷,59,59
耷,59,60
聋,61,65
联,64,63
聖,58,56
聚,57,58
聚,57,59
聚,62,61
聪,64,64
聲,58,58
聲,58,59
聲,59,58
聲,59,59
聽,59,58
聽,59,59
聽,60,58
聽,60,59
肉,54,58
肉,54,59
肉,54,64
肉,54,65
肌,65,62
肌,65,63
肚,59,58
肚,60,58
肛,59,57
肝,59,58
肝,59,59
股,58,57
股,58,58
股,62,62
肤,63,64
肩,55,59
肩,55,60
肩,58,63
肩,58,64
肯,60,58
肯,60,59
肯,62,64
肯,62,65
育,60,64
育,60,65
肺,60,58
肾,59,64
肾,59,65
胃,52,59
胃,53,64
胃,53,65
背,61,64
背,61,65
胖,60,59
胖,61,59
胡,58,65
胡,59,58
脆,59,58
脱,65,63
脸,65,64
脸,65,65
脹,60,58
腋,64,64
腌,63,64
腐,63,65
腕,59,60
腕,64,64
腕,64,65
腥,65,63
腥,65,64
腦,60,58
腮,60,57
腰,59,58
腰,59,59
腰,60,59
腳,59,58
腳,60,58
腸,59,58
腸,59,59
腸,60,59
腿,61,57
腿,64,62
腿,64,63
膀,60,58
膀,60,59
膊,59,58
膊,59,59
臀,63,62
臀,63,63
臊,59,59
臘,60,58
臘,60,59
臨,58,58
自,45,58
自,45,59
自,46,58
自,46,59
自,46,63
自,46,64
臭,60,64
至,59,56
至,60,56
至,63,58
致,62,63
舅,57,65
與,58,58
與,58,59
與,59,58
與,59,59
興,59,57
興,59,58
興,60,57
興,60,58
舉,58,58
舉,58,59
舉,59,58
舉,59,59
舊,59,60
舊,60,58
舊,60,59
舌,60,63
舌,60,64
舞,60,60
舞,60,61
舞,60,63
舞,60,64
般,59,58
般,59,59
良,56,64
色,59,58
色,63,62
艳,62,64
节,62,64
节,62,65
芋,59,59
芋,62,65
芍,59,59
芒,59,56
芙,59,60
芙,61,64
芜,62,64
芜,62,65
芬,60,59
芬,60,60
芭,59,63
花,59,59
花,59,60
花,63,64
花,63,65
芳,59,59
芳,59,60
芹,60,65
芽,61,65
苍,61,64
苏,63,64
若,59,58
若,59,59
苦,59,58
苦,62,64
苦,62,65
英,60,58
英,60,64
范,63,64
茄,62,65
茅,59,59
茅,60,64
茫,59,58
茫,59,59
茫,60,58
茫,60,59
茶,63,64
茶,63,65
草,62,65
荒,63,63
荒,63,64
荔,62,63
荣,60,65
荫,62,64
荫,62,65
药,63,65
莫,60,58
莫,61,64
莫,61,65
莱,60,64
莱,60,65
莲,63,62
获,63,64
菇,61,64
菜,59,59
菜,62,63
菜,62,64
菠,63,64
菠,63,65
華,58,58
華,58,59
華,59,58
華,59,59
菲,58,58
菲,58,59
菲,59,59
菲,61,64
萝,59,63
萝,59,64
营,61,63
营,61,64
萨,63,65
萨,63,66
萬,59,58
萬,59,59
萬,59,60
落,60,58
落,60,59
落,62,65
葉,59,58
葉,59,59
葉,60,58
葉,60,59
著,59,58
著,59,59
著,61,63
著,61,64
葡,60,59
葡,60,60
葡,61,59
葡,61,60
葡,61,64
葬,59,60
葬,59,61
葬,60,60
葬,60,61
葬,61,64
葱,61,64
葱,61,65
蒸,60,59
蒸,60,60
蒸,61,64
蒼,60,59
蒼,60,60
蓉,61,59
蓉,62,64
蓉,63,64
蓋,58,57
蓝,62,63
蓮,60,57
蔫,59,58
蔫,59,59
蔬,62,65
蔭,59,59
蔭,59,60
蔭,60,59
蔭,60,60
蕃,61,64
蕉,58,59
蕉,58,60
蕉,62,65
蕩,59,59
蕾,63,64
薄,60,58
薄,60,59
薇,60,59
薔,58,60
薪,61,64
薪,61,65
薯,61,65
薯,61,66
藏,62,63
藏,62,64
藕,63,64
藕,63,65
藝,59,58
藝,59,59
藥,59,58
藥,59,59
蘋,61,60
蘭,59,58
蘭,59,59
虎,63,64
虎,63,65
虑,62,64
處,59,59
處,59,60
處,60,59
處,60,60
虚,61,64
虚,61,65
虛,59,58
號,58,59
虫,58,64
虽,58,61
虾,62,63
蚁,61,65
蚁,61,66
蚊,62,64
蚊,62,65
蚬,63,64
蛇,62,64
蛋,59,58
蛋,59,59
蛋,60,61
蛋,60,62
蛙,59,56
蛟,62,63
蜓,60,58
蜡,62,65
蜻,60,58
蝦,59,58
蝦,59,59
蝴,62,63
蝶,63,65
蝶,63,66
蟬,59,59
蟬,60,59
蟹,61,64
蠢,61,64
血,64,62
行,59,58
行,59,59
行,60,59
行,60,60
術,59,58
術,59,59
術,60,58
術,60,59
街,60,58
街,60,59
衣,60,59
衣,63,63
表,59,58
表,59,59
表,60,58
表,60,59
表,61,63
表,61,64
衰,61,65
袁,61,63
袋,62,64
袜,64,64
袜,64,65
被,60,59
被,60,60
被,61,64
被,61,65
裂,60,59
裂,60,60
装,62,63
装,62,64
裏,59,59
裏,59,60
裏,60,59
裏,60,60
裝,60,58
裝,60,59
裡,59,58
裡,59,59
裤,63,64
裤,63,65
裹,60,65
褪,61,58
褲,58,59
褲,58,60
褲,59,59
褲,59,60
襪,60,58
襪,60,59
西,57,57
西,63,61
西,63,62
要,57,58
要,58,58
要,63,62
要,63,63
見,59,58
見,60,58
規,59,58
規,59,59
親,59,59
親,59,60
親,60,59
親,60,60
覺,59,59
覺,59,60
觀,59,59
见,61,62
见,61,63
观,63,64
规,63,64
规,63,65
视,64,64
视,64,65
觉,58,63
觉,58,64
觑,63,65
角,56,59
角,56,60
角,57,59
角,57,60
角,58,63
角,58,64
解,60,59
解,60,60
解,64,65
言,59,59
言,62,65
言,62,66
計,60,60
記,59,58
記,59,59
設,59,58
設,59,59
許,60,59
許,60,60
訴,59,59
訴,59,60
訴,60,60
試,58,58
試,58,59
試,59,58
試,59,59
話,60,59
話,60,60
該,59,58
該,59,59
詳,59,58
誓,60,59
誓,60,60
語,58,59
語,58,60
說,60,58
說,61,57
說,61,58
誰,59,58
誰,60,58
課,60,58
調,59,58
談,59,59
談,59,60
談,60,60
請,59,59
請,59,60
請,60,59
請,60,60
謙,60,58
謙,60,59
謝,59,58
謝,59,59
謠,59,58
證,60,58
證,60,59
警,60,60
警,60,61
譽,59,60
譽,59,61
變,59,58
變,59,59
讓,59,59
讚,59,58
讚,59,59
计,62,64
计,62,65
订,65,65
认,63,63
认,63,64
让,62,61
议,63,65
讲,64,64
讲,64,65
许,62,64
许,62,65
论,63,64
访,63,64
诀,62,63
诀,62,64
证,63,62
评,63,63
评,63,64
识,64,62
诉,63,63
诉,63,64
词,59,63
诏,62,62
译,62,64
试,64,64
试,64,65
诗,63,63
诗,63,64
话,63,62
话,63,63
诞,63,61
该,62,64
该,62,65
详,62,63
详,62,64
语,63,63
语,63,64
说,63,64
说,64,63
说,64,64
请,62,64
请,62,65
读,64,64
读,64,65
课,63,63
课,63,64
谁,63,64
谁,63,65
调,60,63
调,60,64
谊,62,64
谎,63,65
谓,60,63
谓,60,64
谱,63,65
谱,63,66
豆,59,55
豆,60,55
豆,60,59
豉,61,64
豚,64,62
象,59,63
象,59,64
豪,59,59
豪,59,60
豬,60,58
豬,60,59
貌,62,65
貝,54,57
貝,54,58
貝,55,57
貝,55,58
貨,59,58
貨,59,59
貨,60,58
貨,60,59
貴,60,59
貴,60,60
買,55,57
買,55,58
買,56,57
買,56,58
費,60,58
費,60,59
貼,59,59
賀,58,59
資,59,60
資,59,61
賞,59,58
賞,59,59
賣,58,59
賣,58,60
賣,59,59
賣,59,60
賺,59,58
贊,60,60
贊,60,61
贝,55,61
负,57,64
负,57,65
财,63,64
财,63,65
责,61,64
败,64,62
败,64,63
货,59,64
货,59,65
质,62,63
质,62,64
贵,60,64
贵,60,65
费,60,65
贺,57,64
资,58,64
资,58,65
赌,64,66
赏,59,65
赐,63,62
赐,63,63
赖,63,63
赖,63,64
赛,62,65
赛,63,64
赛,63,65
赞,62,65
赢,63,63
赤,60,64
赤,60,65
赫,63,65
走,58,58
走,58,59
走,59,58
走,59,59
走,60,62
走,61,62
赶,61,63
起,59,57
起,63,62
趁,60,59
趁,64,62
超,60,57
超,62,63
越,60,58
越,63,62
趕,60,57
趕,61,57
趟,63,62
趣,61,57
趣,63,62
足,59,57
足,59,58
足,62,60
足,63,60
趾,59,58
趾,63,62
跌,59,58
跑,59,59
跑,60,59
跑,64,64
跟,60,57
跡,60,58
跡,60,59
跤,62,63
跤,62,64
跨,61,64
跪,62,64
路,60,58
路,60,59
路,64,63
路,64,64
踏,60,59
踏,63,65
踢,62,60
踢,64,61
踢,64,62
踩,64,63
蹈,60,60
蹤,59,59
身,58,60
身,59,59
身,59,60
身,63,64
身,63,65
躲,59,60
躲,60,59
躲,60,60
躲,64,63
躲,64,64
躺,57,58
躺,57,59
躺,58,58
躺,58,59
車,58,60
車,58,61
車,59,60
車,59,61
軟,59,58
軟,59,59
載,59,60
輕,60,59
輕,60,60
輪,60,59
輪,60,60
輸,60,59
輸,60,60
轉,59,59
轉,59,60
轉,60,59
轉,60,60
车,59,65
车,59,66
转,62,63
轮,64,63
软,62,64
软,62,65
轻,62,64
轻,62,65
载,64,64
载,64,65
较,62,63
较,62,64
辉,63,64
辑,62,63
输,63,63
输,63,64
辛,59,60
辛,62,64
辞,63,64
辞,63,65
辣,60,58
辣,63,63
辣,63,64
辦,59,59
辦,60,58
辦,60,59
辨,60,60
辰,59,58
辰,59,59
边,61,64
达,63,64
过,63,63
迎,60,58
迎,62,59
运,62,62
近,59,57
近,60,57
近,62,64
返,63,63
还,62,61
这,63,63
这,63,64
进,60,63
进,61,63
远,64,62
违,62,63
连,64,62
迟,65,64
迪,59,57
迪,60,57
迭,64,64
迴,60,56
迷,63,61
迹,62,62
追,63,62
退,60,57
退,63,62
送,59,57
送,62,63
适,63,62
逆,62,63
选,64,64
透,60,59
逐,62,59
递,62,63
途,59,58
這,60,57
通,58,57
通,59,57
通,62,62
逛,61,59
速,62,62
造,63,63
逢,62,62
連,60,58
進,60,58
逸,64,62
逻,62,61
遇,62,62
遊,59,58
運,61,57
遍,60,59
遍,62,64
過,59,57
過,60,57
道,60,58
道,62,63
達,59,57
遗,62,63
遠,59,59
適,59,58
遲,60,57
選,60,56
避,63,64
還,58,58
還,59,58
邊,60,58
酒,59,59
酱,62,64
酱,62,65
酸,64,63
酸,64,64
醉,60,59
醉,60,60
醒,59,58
醒,59,59
醒,60,58
醒,60,59
醒,63,62
醜,60,58
醫,59,58
醫,59,59
醮,62,65
采,63,64
释,64,64
里,59,59
重,59,57
重,60,57
重,63,63
量,60,57
量,61,62
金,59,58
金,62,62
針,59,59
針,59,60
針,60,59
針,60,60
鈍,60,58
鈍,60,59
銀,59,58
銀,59,59
銷,58,59
鋤,59,58
鋤,59,59
錄,59,59
錄,60,59
錢,59,59
錢,59,60
錢,60,59
錢,60,60
錯,60,59
錯,60,60
鍋,59,58
鍋,59,59
鍾,60,58
鍾,60,59
鐘,60,59
鐘,60,60
鑼,58,57
钓,63,64
钓,63,65
钮,63,63
钱,63,65
铁,64,64
铸,63,64
错,63,64
错,63,65
锣,63,64
镜,65,64
長,58,58
長,58,59
長,59,58
長,59,59
长,61,63
閃,56,58
閃,57,58
開,56,58
開,56,59
閒,56,59
間,56,58
間,56,59
闆,56,59
關,55,58
關,55,59
關,56,58
關,56,59
闪,54,63
闪,55,64
问,54,63
问,54,64
间,54,62
间,54,63
闸,55,63
闹,56,63
队,61,64
防,58,59
阵,59,63
阵,59,64
阶,62,64
阻,58,59
阻,58,60
阿,58,58
阿,58,59
阿,58,60
附,57,58
附,58,58
附,60,65
际,61,61
际,61,62
陈,60,64
陈,60,65
陋,59,58
陋,59,59
降,58,59
降,58,60
限,58,59
院,58,59
院,58,64
院,59,58
陣,59,59
除,58,58
除,58,59
除,60,63
除,60,64
险,61,62
陳,57,58
陳,57,59
陳,58,58
陳,58,59
陵,62,63
陵,62,64
陶,58,58
陶,58,59
陽,58,58
陽,58,59
隆,57,59
隆,57,60
隊,57,59
隊,57,60
隊,57,61
随,60,63
隐,60,63
隔,58,61
隔,58,62
隨,58,58
隨,58,59
險,58,59
險,58,60
隻,60,59
难,63,63
难,63,64
雄,64,64
雄,64,65
集,60,58
集,60,59
集,62,64
集,62,65
雞,59,59
雞,59,60
離,59,59
離,59,60
難,59,58
難,59,59
難,60,58
難,60,59
雨,57,58
雨,57,59
雨,63,61
雪,59,58
雪,59,59
雪,60,62
雪,60,63
雲,59,58
雲,59,59
雲,60,58
雲,60,59
零,59,58
零,59,59
電,59,58
需,59,64
需,59,65
霆,61,64
震,59,58
震,59,59
震,62,64
霍,62,64
霜,61,62
霜,61,63
霧,59,59
霧,60,58
霧,60,59
露,60,59
露,60,60
露,62,62
露,62,63
霸,57,64
靈,59,58
青,60,59
青,60,60
青,62,64
青,62,65
靓,63,65
靓,63,66
静,64,65
靜,59,59
靜,59,60
靠,63,64
靠,63,65
面,58,57
面,58,58
面,63,60
面,63,61
革,61,64
革,61,65
鞋,60,58
鞋,60,59
音,58,58
音,58,59
音,59,58
音,59,59
音,63,64
音,63,65
響,59,61
響,59,62
響,60,61
響,60,62
頁,58,58
頁,58,59
頂,59,58
頂,60,58
頌,59,58
頌,59,59
預,60,59
頭,59,59
頭,59,60
頭,60,59
頭,60,60
顆,59,57
題,60,58
額,60,58
額,60,59
願,60,58
页,57,61
顶,63,61
顶,63,62
项,62,63
须,60,64
顾,64,64
顿,61,63
顿,61,64
颁,64,63
预,60,62
领,63,64
领,63,65
颈,62,61
颈,62,62
频,61,64
颗,63,62
颗,63,63
题,64,63
额,62,65
風,58,58
飄,59,57
飄,59,58
飄,59,59
风,64,59
飘,65,61
飘,65,62
飛,59,59
飞,62,57
食,59,59
食,59,60
食,60,59
食,60,60
食,63,63
飯,60,59
飯,60,60
飽,60,60
飾,59,59
飾,59,60
餅,60,59
餅,60,60
養,60,58
餐,59,59
餐,59,60
餐,62,65
餐,62,66
餘,59,59
餬,59,59
餬,59,60
饑,59,59
饑,59,60
饪,63,63
饭,63,64
饭,63,65
饮,63,65
饮,63,66
饰,64,66
饱,63,63
饿,65,64
饿,65,65
馅,62,63
馅,62,64
首,59,58
首,59,59
首,63,64
首,63,65
香,59,58
香,59,59
香,60,58
香,60,59
香,61,63
香,61,64
馨,61,63
馬,57,59
馬,57,60
騎,59,58
騎,60,58
騙,59,58
騰,60,59
驅,60,58
驅,60,59
驚,60,59
驚,60,60
马,56,62
马,57,61
马,57,62
驳,63,63
驳,63,64
驶,63,65
骂,57,63
骄,64,64
验,64,63
骗,63,63
骗,63,64
骚,63,61
骚,63,62
骨,60,63
骨,60,64
骹,62,62
高,59,59
高,59,60
高,60,59
高,60,60
高,60,65
高,60,66
髮,59,58
髮,59,59
鬆,59,58
鬧,57,58
鬧,57,59
鬼,60,59
鬼,60,60
鬼,61,63
鬼,61,64
鬼,61,65
魂,63,64
魔,60,59
魔,60,60
魔,62,64
魔,62,65
魚,58,59
魚,58,60
魷,59,58
魷,59,59
鮮,60,60
鯊,59,59
鯊,59,60
鰡,59,59
鱼,62,63
鱿,63,63
鱿,63,64
鲁,61,64
鲁,61,65
鲍,63,62
鲩,62,64
鲩,62,65
鴨,60,58
鴨,60,59
鴨,60,60
鴿,60,58
鴿,60,59
鸡,59,65
鸡,59,66
鸭,59,65
鸭,59,66
鸽,61,63
鸽,61,64
鸿,61,64
鹅,63,64
鹅,63,65
鹤,60,63
鹤,60,64
鹵,54,59
鹹,59,59
鹿,62,64
麗,58,58
麗,58,59
麗,59,58
麗,59,59
麟,64,64
麥,59,59
麥,59,60
麥,60,59
麥,60,60
麦,61,63
麦,61,64
麻,63,64
麻,63,65
麼,60,59
麼,60,60
黄,62,63
黄,62,64
黎,62,64
黑,58,58
黑,58,59
黑,59,58
黑,59,59
黑,61,61
黑,61,62
默,62,63
點,58,58
點,58,59
點,59,58
點,59,59
鼎,58,63
鼎,58,64
鼓,60,58
鼓,60,59
鼓,61,64
鼓,61,65
鼠,62,62
鼻,61,65
鼻,61,66
齊,59,59
齊,59,60
齐,60,63
龍,60,58
龙,62,62
龟,64,61
！,6,51
！,7,51
！,8,51
（,16,64
（,16,65
）,16,64
）,16,65
，,6,15
，,6,16
，,6,17
，,7,15
，,7,16
，,7,17
，,8,16
－,16,2
－,29,2
．,6,6
．,7,6
．,7,7
：,7,31
：,7,36
：,7,43
；,7,46
＜,43,50
＞,43,50
？,24,52
？,25,52
？,26,52
？,27,52
～,51,13
